{
	"Propeller": {
		"T_n_n": 9.05,
		"T_n_u": -17.93,
		"Q_n_n": 0.43,
		"Q_n_u": -0.79,
		"rpm_sat": [-550,550]
	},
	"Mecanic": {
		"inertia_matrix": [
			[241.85,0,0],
			[0,4173.5,0],
			[0,0,4173.5]
		],
		"added_water_matrix": [
			[68.6,0,0,0,0,0],
			[0,1845.9,0,0,0,0],
			[0,0,1845.9,0,0,0],
			[0,0,0,150,0,0],
			[0,0,0,0,3388.76,0],
			[0,0,0,0,0,3388.76]
		],
		"surface_reference": 0.385,
		"length_reference": 5,
		"mass_with_on_board_water": 1974.26,
		"volume": 0.98,
		"mass": 1005.275,
		"center_of_gravity_veh_ref": [0,0,3e-2],
		"center_of_buoyancy_veh_ref": [0,0,0]
	},
	"Hydrodynamic": {
		"Ksh": -43.986307656408810,
		"CYuv": -3.789805515344688,
		"CYur": 1.945048820453736,
		"CZ0": -0.010000000000000,
		"CZuw": -3.158171262880660,
		"CZuq": -1.939351431208791,
		"CLup": -0.002,
		"CM0": 0,
		"CMuw": 0.978235318365837,
		"CMuq": -0.890840404845499,
		"CNuv": -1.076058850202421,
		"CNur": -0.801756364360949
	},
	"XRearHelms": {
		"CX": -0.31,
		"CY": 0.38,
		"CZ": -0.41,
		"CL": 0.02,
		"CM": -0.17,
		"CN": -0.15,
		"Bmax_rad": 0.5236
	},
	"Environment": {
		"Rho": 1026,
		"nu": 1.2e-06
	}
}