{
	"Vertical": {
		"Depth": {
			"Kp": 0.07,
			"Ki": 0,
			"Kd": 10,
			"limit_integral_term": 5,
			"BAR_sat_rad": [-2.094395102,2.094395102],
			"delta_z_sat_m": 10
		},
		"Pitch": {
			"Kp": 10,
			"Kd": 2,
			"theta_sat_rad": 0.6981,
			"BAR_sat_rad": [-2.094395102,2.094395102]
		}
	},
	"Roll": {
		"Kp": 20,
		"Ki": 5,
		"Kd": 15,
		"limit_integral_term": 0.0872664626,
		"delta_phi_sat_rad": 0.2617993878,
		"G_sat_rad": [-2.094395102,2.094395102]
	},
	"Horizontal": {
		"Heading": {
			"Kp": 0.3,
			"Ki": 0.1,
			"Kd": 2,
			"limit_integral_term": 0.0872664626,
			"delta_theta_sat_rad": 0.5235987756,
			"A_sat_rad": [-2.094395102,2.094395102],
			"delta_psi_sat_rad": 0.5235987756
		}
	},
	"ForwardSpeed": {
		"alpha": 0.005,
		"Kp": 500,
		"Ki": 40,
		"u_min_ms": 0.75,
		"N_sat_rpm": [0,600],
		"u_max_ms": 3
	}
}
